-- phpMyAdmin SQL Dump
-- version 4.8.5
-- https://www.phpmyadmin.net/
--
-- Host: localhost
-- Generation Time: May 02, 2021 at 10:50 AM
-- Server version: 8.0.13-4
-- PHP Version: 7.2.24-0ubuntu0.18.04.7

SET SQL_MODE = "NO_AUTO_VALUE_ON_ZERO";
SET AUTOCOMMIT = 0;
START TRANSACTION;
SET time_zone = "+00:00";


/*!40101 SET @OLD_CHARACTER_SET_CLIENT=@@CHARACTER_SET_CLIENT */;
/*!40101 SET @OLD_CHARACTER_SET_RESULTS=@@CHARACTER_SET_RESULTS */;
/*!40101 SET @OLD_COLLATION_CONNECTION=@@COLLATION_CONNECTION */;
/*!40101 SET NAMES utf8mb4 */;

--
-- Database: `Jo8QJ7efP6`
--

-- --------------------------------------------------------

--
-- Table structure for table `admin_list`
--

CREATE TABLE `admin_list` (
  `id` int(25) NOT NULL,
  `email` text NOT NULL,
  `name` text
) ENGINE=InnoDB DEFAULT CHARSET=utf8mb4 COLLATE=utf8mb4_0900_ai_ci;

--
-- Dumping data for table `admin_list`
--

INSERT INTO `admin_list` (`id`, `email`, `name`) VALUES
(21, 'pranav.prakriya@gmail.com', 'Pranav');

-- --------------------------------------------------------

--
-- Table structure for table `question`
--

CREATE TABLE `question` (
  `question_id` text NOT NULL,
  `text` text CHARACTER SET utf8mb4 COLLATE utf8mb4_0900_ai_ci NOT NULL,
  `quiz_id` text NOT NULL,
  `type` tinyint(1) NOT NULL,
  `pmarks` int(11) NOT NULL,
  `nmarks` int(11) NOT NULL
) ENGINE=InnoDB DEFAULT CHARSET=utf8mb4 COLLATE=utf8mb4_0900_ai_ci;

--
-- Dumping data for table `question`
--

INSERT INTO `question` (`question_id`, `text`, `quiz_id`, `type`, `pmarks`, `nmarks`) VALUES
('60827a544ab8e', ' Let S and T be language over ={a,b} represented by the regular expressions (a+b*)* and (a+b)*, respectively. Which of the following is true?', '608278288deeb', 0, 4, 2),
('60827a54c4361', 'Let L denotes the language generated by the grammar S – OSO/00. Which of the following is true?', '608278288deeb', 0, 3, 1),
('60827a552dfd8', ' Consider the following two statements:\r\nS1: { 0^2n |n >= l} is a regu1ar language\r\nS2: { 0^m 0^n 0^(m+n) l m >= 1 and n >= 2} is a regu1ar language\r\nEnter the correct statement among the following:\r\na) Only S1 is correct\r\nb) Only S2 is correct\r\nc) Both S1 and S2 are correct\r\nd) None of S1 and S2 is correct', '608278288deeb', 1, 2, 1),
('60827a5545d5c', 'Which of the following statements in true?', '608278288deeb', 0, 4, 1),
('60827a55c8c44', 'Given an arbitrary non-deterministic finite automaton (NFA) with N states, the maximum number of states in an equivalent minimized DFA is at least.', '608278288deeb', 0, 2, 1),
('60827dd4e11de', 'what is paging?', '608273b59f030', 1, 4, 0),
('60827dd504682', 'what is the size of  a page genarally in an OS?', '608273b59f030', 0, 4, 2),
('60827dd582d32', 'which of the following are OS?', '608273b59f030', 0, 5, 2),
('60827dd608966', 'what is deadlock situation?', '608273b59f030', 1, 5, 0),
('60827dd621558', 'which algorithm is used for deadlock prevention in an operating system?', '608273b59f030', 0, 4, 1),
('60827dd69f01c', 'what is preemptive scheduling?', '608273b59f030', 1, 5, 0),
('60827dd6b71d5', 'Fill in the blanks-\r\npaging suffers from______fragmentation', '608273b59f030', 1, 2, 0),
('60827dd6cf91a', 'state one difference between intel and AMD based processors', '608273b59f030', 1, 2, 0),
('60827dd6e6f74', 'which is lowest level of memory in a system', '608273b59f030', 0, 4, 1),
('60827dd773ff0', 'how was your paper out of 4', '608273b59f030', 0, 4, 0),
('60827e745d9bd', 'how many lines can be draw from 5 points?', '60827acfe14b7', 0, 4, 1),
('60827e74df835', 'Write Fundamental Theorem of linear algebra.', '60827acfe14b7', 1, 5, 0),
('60827e750814e', 'Solve for m:2(m + 6) = 48 ', '60827acfe14b7', 0, 4, 1),
('60827e75883df', 'The _____________ of a vector space is a set of linearly independent vectors that span the entire space.', '60827acfe14b7', 1, 5, 0),
('60827e759fc1a', 'When a system of two linear equations has no solution, how do the graphs of the equations appear?', '60827acfe14b7', 0, 4, 1),
('6082836f6c476', 'Definition of a language L with alphabet {a} is given as following. L= { ank | k > 0, and n is a positive integer constant} What is the minimum number of states needed in a DFA to recognize L?', '60827eb91d312', 0, 2, 1),
('608283700c07b', ' S –> aSa| bSb| a| b ;The language generated by the above grammar over the alphabet {a,b} is the set of', '60827eb91d312', 0, 5, 3),
('608283709d955', 'Which of the folowing pairs of regular expressions are equivalent ?', '60827eb91d312', 0, 3, 2),
('608283710df10', 'For the language {ap I P is a prime}, the statement which hold true is\r\n', '60827eb91d312', 0, 4, 2),
('6082837183e99', 'Consider a stack, which is limited to 10 items. The language accepted by a push- down automaton in such stack is best described as\r\n(A) Regular\r\n(B) Deterministic context free\r\n(C) Context free\r\n(D) Recursive\r\n(write the correct choice below)', '60827eb91d312', 1, 4, 1),
('608283d79fe81', 'Explain the various types of models which used in software Engineering.', '6082813fd8a69', 1, 5, 0),
('608283d7bb593', 'What are test cases in Software Engineering?', '6082813fd8a69', 1, 4, 0),
('608283d7d4a30', '“Software engineers should not use their technical skills to misuse other people’s computers.”Here the term misuse refers to:', '6082813fd8a69', 0, 4, 1),
('608283d8df160', 'SDLC stands for : ', '6082813fd8a69', 0, 4, 1),
('608283d968035', 'If you were to create client/server applications, which model would you go for?', '6082813fd8a69', 0, 4, 1),
('608283d9ed852', 'What are attributes of good software?', '6082813fd8a69', 1, 2, 0),
('60828af0d2004', 'What are the differences between a DBMS and RDBMS? ', '608288f0eb414', 1, 2, 0),
('60828af18234b', 'SELECT operation in SQL is equivalent to', '608288f0eb414', 0, 4, 2),
('60828af2043a4', 'Given the relations\r\n\r\nemployee (name, salary, deptno) and\r\ndepartment (deptno, deptname, address)\r\n\r\nWhich of the following queries cannot be expressed using the basic relational algebra\r\noperations (U, -, x, π, σ, p)?', '608288f0eb414', 0, 4, 1),
('60828b63292a8', 'What are the advantages of DBMS?', '608288f0eb414', 1, 4, 0),
('60828d5bec24a', 'Honesty is not a guarantee of integrity', '6082895edf292', 0, 1, 1),
('60828d5c4206c', 'Philosophically, sharing maximizes the happiness for all human beings', '6082895edf292', 0, 1, 1),
('60828d5c8c997', 'what are subsets of utilitarian theory ?', '6082895edf292', 1, 2, 0),
('60828d5ca5898', 'Which theory focuses on the concept that “actions are the consequences of performance\r\nof one’s duties”?', '6082895edf292', 1, 2, 0),
('60828d5cbec3d', 'Cite any two of the orbits of the virtue theory advocated by Aristotle.', '6082895edf292', 1, 2, 0),
('60828d5cd5790', 'Religions insists on __________ and __________ concern for others', '6082895edf292', 1, 2, 0),
('60828d5cecad7', 'Mention any three of the various aspects of Duty ethics that reflect moral convictions as\r\nstated by CWD Ross.', '6082895edf292', 1, 3, 0),
('60828d5d11105', 'Jefferson has defined rights theory using elements like __________ , __________ and __________ ', '6082895edf292', 1, 3, 0),
('60828d5d294bb', 'Analyze the given Case Study using the principles of Engineering Ethics\r\n\r\nA small library seeks a software system to catalogue its collection and keep records of\r\nmaterials checked out of the library. Currently, the records of who has checked out what,\r\nwhen materials are due, and the like are kept in a file drawer behind the check-out desk.\r\nThese records are confidential. Patrons are assured that these records are not accessible to\r\nanyone other than library personnel. But, of course, drawers can be opened when no one\r\nis looking. What assurance is there that the software systems under consideration will\r\nprovide as much, if not greater, security? Assuming that no one in the library is a\r\nsoftware specialist, the library has no alternative but to place its trust in someone who\r\npresumably has the requisite expertise. How concerned should that expert be (again,\r\nbearing in mind that even the best system is not completely sleuth proof)? Furthermore,\r\nwhat assurance has the library that it is not being oversold or undersold in general?\r\nConsidering the concepts of Engineering Ethics, to what extent should software\r\nspecialists be concerned with determining precisely what the various needs of the library\r\nare, and to try to meet those needs rather than offer more than is necessary in order to\r\nsecure greater profit or less than is needed in order to come in with a lower bid?', '6082895edf292', 1, 10, 0),
('60828d5d3fd79', 'Summarize the traits self confidence and self esteem as the concepts of individual\r\nethics with suitable examples.', '6082895edf292', 1, 10, 0),
('60828dd951f0a', 'How is Agile Methodology different than Traditional Waterfall process?', '60828bdd9a125', 1, 5, 0),
('60828dd96ad59', 'Difference between extreme programming and scrum?', '60828bdd9a125', 1, 5, 1),
('60828dd981f70', 'What is Kanban?', '60828bdd9a125', 1, 5, 1),
('60828dd99b27b', 'Select the option that suits the Manifesto for Agile Software Development.', '60828bdd9a125', 0, 4, 1),
('60828dda20021', 'Agile Software Development is based on', '60828bdd9a125', 0, 5, 1),
('60828dda9d163', 'Which on of the following is not an agile method?', '60828bdd9a125', 0, 4, 1),
('60828e9133ca9', 'Honesty is not a guarantee of integrity', '60828dab4c1d5', 0, 1, 1),
('60828e9179666', 'Philosophically, sharing maximizes the happiness for all human beings', '60828dab4c1d5', 0, 1, 1),
('60828e91c4fa9', 'what are subsets of utilitarian theory ?', '60828dab4c1d5', 1, 2, 0),
('60828e91dea2e', 'Which theory focuses on the concept that “actions are the consequences of performance\r\nof one’s duties”?', '60828dab4c1d5', 1, 2, 0),
('60828e92017c9', 'Cite any two of the orbits of the virtue theory advocated by Aristotle.', '60828dab4c1d5', 1, 2, 0),
('60828e9219c78', 'Religions insists on __________ and __________ concern for others', '60828dab4c1d5', 1, 2, 0),
('60828e92329f2', 'Mention any three of the various aspects of Duty ethics that reflect moral convictions as\r\nstated by CWD Ross.', '60828dab4c1d5', 1, 3, 0),
('60828e9260aaf', 'Analyze the given Case Study using the principles of Engineering Ethics\r\n\r\nA small library seeks a software system to catalogue its collection and keep records of\r\nmaterials checked out of the library. Currently, the records of who has checked out what,\r\nwhen materials are due, and the like are kept in a file drawer behind the check-out desk.\r\nThese records are confidential. Patrons are assured that these records are not accessible to\r\nanyone other than library personnel. But, of course, drawers can be opened when no one\r\nis looking. What assurance is there that the software systems under consideration will\r\nprovide as much, if not greater, security? Assuming that no one in the library is a\r\nsoftware specialist, the library has no alternative but to place its trust in someone who\r\npresumably has the requisite expertise. How concerned should that expert be (again,\r\nbearing in mind that even the best system is not completely sleuth proof)? Furthermore,\r\nwhat assurance has the library that it is not being oversold or undersold in general?\r\nConsidering the concepts of Engineering Ethics, to what extent should software\r\nspecialists be concerned with determining precisely what the various needs of the library\r\nare, and to try to meet those needs rather than offer more than is necessary in order to\r\nsecure greater profit or less than is needed in order to come in with a lower bid?', '60828dab4c1d5', 1, 10, 0),
('60828e9280f4b', 'Summarize the traits self confidence and self esteem as the concepts of individual\r\nethics with suitable examples.', '60828dab4c1d5', 1, 10, 0),
('60829190b6f9c', '1+1', '60828e54b0e27', 0, 4, 1),
('6082919141928', '4+ (your roll number)', '60828e54b0e27', 1, 3, 2),
('608291915a716', 'A triangle has how many edges?', '60828e54b0e27', 0, 3, 1),
('60829191d83ab', ' You have 100 mangoes in both of your hands each. You eat 25 mangoes from your left hand. How many mangoes are left in your right hand?', '60828e54b0e27', 0, 10, 20),
('608291926d3a4', 'Minimum number of THIN sticks required to make a traingle?', '60828e54b0e27', 1, 5, 2),
('608291928684e', '∫(4(x^3)−9(x^2)+7x+3)(0)(e^−x)dx', '60828e54b0e27', 0, 3, 1),
('608297fb10cab', 'Hyperthreading in core is a feature associated with which company', '608295497b524', 0, 4, 1),
('608297fb87003', 'Are all programming languages turing complete', '608295497b524', 0, 3, 1),
('608297fbcecc8', 'in hyperthreading what is relation between logical cores and physical cores', '608295497b524', 0, 4, 2),
('608297fc35c37', 'what is internal fragmentation', '608295497b524', 1, 4, 0),
('608297fc4c3ca', 'what is full form of RAG', '608295497b524', 0, 3, 0),
('6082a21184575', 'What are the factors of engineering ethics?', '6082a1baa9a4d', 1, 5, 0),
('6082a2119d0c1', 'State difference between professional model and business model.', '6082a1baa9a4d', 1, 5, 0),
('6082a5fd46f95', ' Which one of the following statement is true if L denotes the language generated by the grammar S->0S0/00?', '6082a39ea31aa', 0, 5, 3),
('6082a5fdd94b5', 'Consider the regular expression 0 * (10 *) which is similar to the same set as', '6082a39ea31aa', 0, 4, 2),
('6082a5fe7f7d3', 'W is any string whose length is n in {0, 1}* and L is the set of all sub-strings of W. The minimum number of states in a non-deterministic finite automaton that accepts L is', '6082a39ea31aa', 0, 4, 1),
('6082a5ff19e69', 'The minimum number of states in any DFA accepting the regular language L = (111+11111)* is', '6082a39ea31aa', 0, 2, 1),
('6082a5ffafac9', ' Which one of the following statement is true for a regular language L over {a} whose minimal finite state automation has two states?', '6082a39ea31aa', 0, 5, 3),
('6082a7f58fae0', 'All the regular languages can have one or more of the following descriptions:\r\ni) DFA ii) NFA iii) e-NFA iv) Regular Expressions\r\nWhich of the following are correct?', '6082a64a6ccb6', 0, 5, 3),
('6082a7f617071', ' Which of the technique can be used to prove that a language is non regular?', '6082a64a6ccb6', 0, 4, 2),
('6082a7f695e97', 'Which of the following are non regular?\r\na) The set of strings in {a,b}* with an even number of b’s\r\nb) The set of strings in {a, b, c}* where there is no c anywhere to the left of a\r\nc) The set of strings in {0, 1}* that encode, in binary, an integer w that is a multiple of 3. Interpret the empty strings e as the number 0.\r\nd) None of the mentioned\r\n(Enter the correct option)', '6082a64a6ccb6', 1, 5, 3),
('6082a7f6af7ca', 'Which of the following options is correct?', '6082a64a6ccb6', 0, 4, 3),
('6082a7f71c9d9', ' Which of the following are related to tree automaton?', '6082a64a6ccb6', 0, 5, 3),
('6082b5c7927d0', 'Enter your name', '6082b54d4a7db', 1, 4, 0),
('6082b5c7bd0d9', 'The current year is:', '6082b54d4a7db', 0, 3, 1),
('6082b5c89ba0b', 'The title of the quiz is', '6082b54d4a7db', 1, 4, 0),
('6082b6b0c4e73', 'ENTER YOUR NAME', '6082b683352b1', 1, 3, 0),
('6082b6b102796', 'Which year is it?', '6082b683352b1', 0, 3, 1);

-- --------------------------------------------------------

--
-- Table structure for table `question_option`
--

CREATE TABLE `question_option` (
  `option_id` text NOT NULL,
  `text` text NOT NULL,
  `is_correct` tinyint(1) NOT NULL,
  `question_id` text NOT NULL
) ENGINE=InnoDB DEFAULT CHARSET=utf8mb4 COLLATE=utf8mb4_0900_ai_ci;

--
-- Dumping data for table `question_option`
--

INSERT INTO `question_option` (`option_id`, `text`, `is_correct`, `question_id`) VALUES
('60827a54664b2', 'ScT (S is a subset of T)', 0, '60827a544ab8e'),
('60827a547d020', 'TcS (T is a subset of S)', 0, '60827a544ab8e'),
('60827a5494585', 'S=T', 1, '60827a544ab8e'),
('60827a54ac84b', 'SnT=Ø', 0, '60827a544ab8e'),
('60827a54db863', ' L = O', 0, '60827a54c4361'),
('60827a54f2aea', ' L is regular but not O', 1, '60827a54c4361'),
('60827a5515fa7', ' L is context free but not regular', 0, '60827a54c4361'),
('60827a555d3c3', 'If a language is context free it can always be accepted by a deterministic push-down automaton', 0, '60827a5545d5c'),
('60827a55749b3', 'The union of two context free languages is context free', 1, '60827a5545d5c'),
('60827a558c338', 'The intersection of two context free languages is context free', 0, '60827a5545d5c'),
('60827a55a3a5a', 'The complement of a context free language is context free', 0, '60827a5545d5c'),
('60827a55e1226', 'N^2', 0, '60827a55c8c44'),
('60827a560484c', '2^N', 1, '60827a55c8c44'),
('60827a561cd16', '2N', 0, '60827a55c8c44'),
('60827a5634417', 'N!', 0, '60827a55c8c44'),
('60827dd51d1c1', '4 kb', 1, '60827dd504682'),
('60827dd5347a3', '4 bauds', 0, '60827dd504682'),
('60827dd54eeef', '1024 kb', 0, '60827dd504682'),
('60827dd566ea7', 'none of the above', 0, '60827dd504682'),
('60827dd59a9f3', 'windows', 1, '60827dd582d32'),
('60827dd5b2d39', 'linux', 1, '60827dd582d32'),
('60827dd5ca27a', 'oracle', 0, '60827dd582d32'),
('60827dd5e6f95', 'macOs', 1, '60827dd582d32'),
('60827dd63a1d5', 'bankers   algorithm', 1, '60827dd621558'),
('60827dd6518cd', 'RAG', 0, '60827dd621558'),
('60827dd66dde9', 'flloyd and warshall', 0, '60827dd621558'),
('60827dd683079', 'none of the above', 0, '60827dd621558'),
('60827dd70b3d2', 'register', 1, '60827dd6e6f74'),
('60827dd726948', 'cache', 0, '60827dd6e6f74'),
('60827dd7429f3', 'main memory', 0, '60827dd6e6f74'),
('60827dd75b219', 'disk', 0, '60827dd6e6f74'),
('60827dd78b951', '4', 1, '60827dd773ff0'),
('60827dd7a3e87', '3', 0, '60827dd773ff0'),
('60827dd7bcfc7', '2', 0, '60827dd773ff0'),
('60827dd7d670e', '1', 0, '60827dd773ff0'),
('60827e747778c', '10', 1, '60827e745d9bd'),
('60827e749202a', '11', 0, '60827e745d9bd'),
('60827e74ac5e5', '5', 0, '60827e745d9bd'),
('60827e74c54e4', '8', 0, '60827e745d9bd'),
('60827e7522096', 'm = 18\r\n', 1, '60827e750814e'),
('60827e7538722', 'm = 11', 0, '60827e750814e'),
('60827e7552d30', 'm = 12', 0, '60827e750814e'),
('60827e756d811', 'm = 22', 0, '60827e750814e'),
('60827e75ba1fd', 'The lines are parallel.', 1, '60827e759fc1a'),
('60827e75d65ff', 'The lines have the same y-intercept.', 0, '60827e759fc1a'),
('60827e75eee3c', 'The lines intersect at a single point.', 0, '60827e759fc1a'),
('60827e76159a1', 'The lines are perpendicular.', 0, '60827e759fc1a'),
('6082836f849af', ' k+1', 0, '6082836f6c476'),
('6082836f9dc00', ' n+1', 1, '6082836f6c476'),
('6082836fb5c62', '2n+1', 0, '6082836f6c476'),
('6082836fcd1b8', '2k+1', 0, '6082836f6c476'),
('6082836fe7f11', '2n+2', 0, '6082836f6c476'),
('608283702310b', 'All palindromes.', 0, '608283700c07b'),
('608283703ab7e', 'All odd length palindromes.', 1, '608283700c07b'),
('60828370538f4', 'Strings that begin and end with the same symbol', 0, '608283700c07b'),
('608283706c0c6', 'All even length palindromes.', 0, '608283700c07b'),
('6082837085bc0', 'None of the above.', 0, '608283700c07b'),
('60828370b9157', '1 (01)* and (10)* 1', 1, '608283709d955'),
('60828370d11f2', 'x (xx) * and (xx) * x', 1, '608283709d955'),
('60828370e9175', 'x+ and x+x*+', 1, '608283709d955'),
('60828371272c9', 'It is not regular but context free', 0, '608283710df10'),
('608283713ea01', ' It is regular but not context free', 0, '608283710df10'),
('6082837155b57', 'It is neither regular nor context free, but accepted by a turing machine', 1, '608283710df10'),
('608283716d1e0', ' It is not accepted by turing machine', 0, '608283710df10'),
('608283d7ec262', 'Unauthorized modification of computer material', 0, '608283d7d4a30'),
('608283d811803', 'Unauthorized access to computer material', 0, '608283d7d4a30'),
('608283d82b891', 'Dissemination of viruses or other malware', 0, '608283d7d4a30'),
('608283d84561c', 'All of the above', 1, '608283d7d4a30'),
('608283d872b56', 'Software development', 0, '608283d85d59b'),
('608283d88ec4a', 'Software dependence', 1, '608283d85d59b'),
('608283d8a6cb4', 'Software validation', 0, '608283d85d59b'),
('608283d8c3837', ' Software specification', 0, '608283d85d59b'),
('608283d904be1', 'System Development Life cycle\r\n ', 0, '608283d8df160'),
('608283d91ccc5', 'System Design Life Cycle', 0, '608283d8df160'),
('608283d934f71', ' Software Design Life Cycle', 0, '608283d8df160'),
('608283d94eebc', ' Software Development Life Cycle', 1, '608283d8df160'),
('608283d9858d9', 'Concurrent Model', 1, '608283d968035'),
('608283d9a06ed', 'Incremental Model', 0, '608283d968035'),
('608283d9b82a2', 'WINWIN Spiral Model', 0, '608283d968035'),
('608283d9d43f1', ' Spiral Model', 0, '608283d968035'),
('608283da2b580', ' 1 Phases', 0, '608283da15938'),
('608283da46882', '4 Phases', 0, '608283da15938'),
('608283da61d19', '3 Phases', 0, '608283da15938'),
('608283da7dd66', '2 Phases', 1, '608283da15938'),
('60828af12329d', '8, 8', 1, '60828af10efa2'),
('60828af13a949', '120, 8', 0, '60828af10efa2'),
('60828af1511c6', '960, 8', 0, '60828af10efa2'),
('60828af168cf9', '960, 120', 0, '60828af10efa2'),
('60828af198a50', 'the selection operation in relational algebra', 0, '60828af18234b'),
('60828af1afca4', 'the selection operation in relational algebra, except that SELECT in SQL retains duplicates', 0, '60828af18234b'),
('60828af1c7106', 'the projection operation in relational algebra', 0, '60828af18234b'),
('60828af1dff26', 'the projection operation in relational algebra, except that SELECT in SQL retains duplicates', 1, '60828af18234b'),
('60828af21ca55', 'Department address of every employee', 0, '60828af2043a4'),
('60828af2350cf', 'Employees whose name is the same as their department name', 0, '60828af2043a4'),
('60828af24f430', 'The sum of all employees’ salaries', 1, '60828af2043a4'),
('60828af2661b4', 'All employees of a given department', 0, '60828af2043a4'),
('60828d5c11413', 'True', 1, '60828d5bec24a'),
('60828d5c2a7cb', 'False', 0, '60828d5bec24a'),
('60828d5c5da49', 'True', 1, '60828d5c4206c'),
('60828d5c756a6', 'False', 0, '60828d5c4206c'),
('60828dd9b38ef', 'Individuals and interactions', 0, '60828dd99b27b'),
('60828dd9cb1d2', 'All of the mentioned', 1, '60828dd99b27b'),
('60828dd9e21e2', 'Customer collaboration ', 0, '60828dd99b27b'),
('60828dda05e54', 'Working software', 0, '60828dd99b27b'),
('60828dda3b199', 'Incremental Development', 0, '60828dda20021'),
('60828dda52b9a', ' Both Incremental and Iterative Development', 1, '60828dda20021'),
('60828dda6ac13', 'Linear Development', 0, '60828dda20021'),
('60828dda81b85', 'Iterative Development', 0, '60828dda20021'),
('60828ddab4df0', 'XP', 0, '60828dda9d163'),
('60828ddacef77', 'All of the mentioned', 0, '60828dda9d163'),
('60828ddae70ef', 'AUP', 0, '60828dda9d163'),
('60828ddb0bda5', '4GT', 1, '60828dda9d163'),
('60828e914b4f8', 'True', 1, '60828e9133ca9'),
('60828e9162750', 'False', 0, '60828e9133ca9'),
('60828e91916cb', 'True', 1, '60828e9179666'),
('60828e91ae814', 'False', 0, '60828e9179666'),
('60829190d1c25', '2', 1, '60829190b6f9c'),
('60829190ea109', '3-1', 1, '60829190b6f9c'),
('6082919110b1a', '4/2', 1, '60829190b6f9c'),
('6082919129b76', '0', 0, '60829190b6f9c'),
('6082919172ee6', '6', 0, '608291915a716'),
('608291918b28f', 'more than 10', 0, '608291915a716'),
('60829191a3a22', 'less than 10', 1, '608291915a716'),
('60829191c018c', '3', 1, '608291915a716'),
('6082919200301', '75', 0, '60829191d83ab'),
('6082919220bab', '25', 0, '60829191d83ab'),
('6082919238c2a', '50', 0, '60829191d83ab'),
('608291925152d', '100', 1, '60829191d83ab'),
('608291929ee56', 'constant', 1, '608291928684e'),
('60829192b6c57', '7x+constant', 0, '608291928684e'),
('60829192cf87c', '7(x^2)+constant', 0, '608291928684e'),
('60829192e8891', '-18x+constant', 0, '608291928684e'),
('608297fb29832', 'intel', 1, '608297fb10cab'),
('608297fb42c4f', 'AMD', 0, '608297fb10cab'),
('608297fb5af86', 'nVidia', 0, '608297fb10cab'),
('608297fb713db', 'none of these', 0, '608297fb10cab'),
('608297fb9e0ca', 'True', 1, '608297fb87003'),
('608297fbb7c85', 'False', 0, '608297fb87003'),
('608297fbe5366', 'number of loggical == number of physical', 0, '608297fbcecc8'),
('608297fc08120', 'number of logical==2*number of physical', 1, '608297fbcecc8'),
('608297fc1f5a8', 'none of these', 0, '608297fbcecc8'),
('608297fc6321a', 'Resource allocation graph', 1, '608297fc4c3ca'),
('608297fc7a91f', 'reserve allocator grunt', 0, '608297fc4c3ca'),
('608297fc94ea1', 'revised allocating -grep', 0, '608297fc4c3ca'),
('6082a5fd5e249', ' L is not context free', 0, '6082a5fd46f95'),
('6082a5fd75a23', ' L is regular but not 0+', 1, '6082a5fd46f95'),
('6082a5fd8daf6', 'L = 0+', 0, '6082a5fd46f95'),
('6082a5fda50f7', ' L is context free but not regular', 0, '6082a5fd46f95'),
('6082a5fdbcf8b', ' L is not regular but is context free', 0, '6082a5fd46f95'),
('6082a5fe007f3', '0 + (0 + 10) *', 0, '6082a5fdd94b5'),
('6082a5fe1ccb8', '(0 +1) * 10 (0 + 1) *', 0, '6082a5fdd94b5'),
('6082a5fe349e9', '(1 * 0) * 1*', 0, '6082a5fdd94b5'),
('6082a5fe4c0a2', '(0+1)*(0+1*)', 0, '6082a5fdd94b5'),
('6082a5fe6803f', 'None of the above', 1, '6082a5fdd94b5'),
('6082a5fe97dd9', 'n', 0, '6082a5fe7f7d3'),
('6082a5feb0473', '2n', 0, '6082a5fe7f7d3'),
('6082a5fec7a23', 'n+1', 1, '6082a5fe7f7d3'),
('6082a5fedee0d', 'n-1', 0, '6082a5fe7f7d3'),
('6082a5ff020a1', 'n*2', 0, '6082a5fe7f7d3'),
('6082a5ff317e7', '5', 0, '6082a5ff19e69'),
('6082a5ff4a838', '7', 0, '6082a5ff19e69'),
('6082a5ff6362e', '9', 1, '6082a5ff19e69'),
('6082a5ff7c29c', '11', 0, '6082a5ff19e69'),
('6082a5ff93b10', '13', 0, '6082a5ff19e69'),
('6082a5ffcaad6', ' L must be {an I n is odd}', 1, '6082a5ffafac9'),
('6082a5ffe368d', ' L must be {an I n is even}', 1, '6082a5ffafac9'),
('6082a60009aa8', ' L must be {an I n = 0}', 0, '6082a5ffafac9'),
('6082a7f5a90f9', 'i', 1, '6082a7f58fae0'),
('6082a7f5c0ca0', 'ii', 1, '6082a7f58fae0'),
('6082a7f5d8d1b', 'iii', 1, '6082a7f58fae0'),
('6082a7f5f23b7', 'iv', 1, '6082a7f58fae0'),
('6082a7f6344bc', 'Ardens theorem', 0, '6082a7f617071'),
('6082a7f64cd5c', 'Pumping Lemma', 0, '6082a7f617071'),
('6082a7f66696e', 'Ogden’s Lemma', 0, '6082a7f617071'),
('6082a7f67e1a7', 'None of the mentioned', 0, '6082a7f617071'),
('6082a7f6c7a13', 'A language L is regular if and only if ~L has finite number of equivalent classes.', 1, '6082a7f6af7ca'),
('6082a7f6df731', 'Let L be a regular language. If ~L has k equivalent classes, then any DFA that recognizes L must have atmost k states.', 0, '6082a7f6af7ca'),
('6082a7f703ee4', 'A language L is NFA-regular if and only if it is DFA-regular.', 1, '6082a7f6af7ca'),
('6082a7f73576f', 'Myphill Nerode Theorem', 1, '6082a7f71c9d9'),
('6082a7f74d35a', 'State machine', 1, '6082a7f71c9d9'),
('6082a7f7672d5', 'Courcelle’s Theorem', 1, '6082a7f71c9d9'),
('6082a7f77ff66', 'None of the above', 0, '6082a7f71c9d9'),
('6082b5c7e7053', '2000', 0, '6082b5c7bd0d9'),
('6082b5c81f6d8', '2201', 0, '6082b5c7bd0d9'),
('6082b5c848de4', '2021', 1, '6082b5c7bd0d9'),
('6082b5c872558', '2019', 0, '6082b5c7bd0d9'),
('6082b6b13416e', '2000', 0, '6082b6b102796'),
('6082b6b163fd5', '2001', 0, '6082b6b102796'),
('6082b6b1917ad', '20021', 0, '6082b6b102796'),
('6082b6b1c22a3', '2021', 1, '6082b6b102796');

-- --------------------------------------------------------

--
-- Table structure for table `quiz`
--

CREATE TABLE `quiz` (
  `quiz_id` text NOT NULL,
  `created_for` text NOT NULL,
  `name` varchar(50) NOT NULL,
  `start_time` datetime NOT NULL,
  `end_time` datetime NOT NULL,
  `created_by` text NOT NULL
) ENGINE=InnoDB DEFAULT CHARSET=utf8mb4 COLLATE=utf8mb4_0900_ai_ci;

--
-- Dumping data for table `quiz`
--

INSERT INTO `quiz` (`quiz_id`, `created_for`, `name`, `start_time`, `end_time`, `created_by`) VALUES
('608273b59f030', 'CS204', 'OS term exam', '2021-04-23 17:00:00', '2021-04-23 18:45:00', '11'),
('608278288deeb', 'CS211', 'TOC-1', '2021-04-23 15:00:00', '2021-04-23 16:00:00', '7'),
('60827acfe14b7', 'MA201', 'Linear Algebra', '2021-04-23 17:15:00', '2021-04-23 18:15:00', '9'),
('60827eb91d312', 'CS211', 'TOC-3', '2021-04-23 17:15:00', '2021-04-23 17:45:00', '7'),
('6082813fd8a69', 'CS209', 'Sofware Devlopment', '2021-04-23 13:41:00', '2021-04-23 14:41:00', '9'),
('608288427dabd', 'HS205', 'Quiz - I', '2021-04-23 17:30:00', '2021-04-23 18:30:00', '10'),
('608288f0eb414', 'CS210', 'DBMS Test-1', '2021-04-23 15:30:00', '2021-04-23 16:00:00', '12'),
('60828bdd9a125', 'CS209', 'AGILE', '2021-04-23 18:30:00', '2021-04-23 19:30:00', '9'),
('60828dab4c1d5', 'HS205', 'End Term ', '2021-04-23 17:15:00', '2021-04-23 20:15:00', '10'),
('60828e54b0e27', 'MA201', 'MA201 End Sem', '2021-04-23 14:45:00', '2021-04-23 15:30:00', '13'),
('608295497b524', 'CS204', 'OS-sample 1', '2021-04-23 17:15:00', '2021-04-23 17:40:00', '11'),
('6082a1baa9a4d', 'HS205', 'Practice test 1', '2021-04-23 16:05:00', '2021-04-23 16:25:00', '15'),
('6082a39ea31aa', 'CS211', 'TOC-CT', '2021-04-23 18:10:00', '2021-04-23 18:50:00', '7'),
('6082a64a6ccb6', 'CS211', 'TOC-ES', '2021-04-24 16:00:00', '2021-04-24 16:30:00', '7'),
('6082b54d4a7db', 'CS210', 'Quiz Test 1', '2021-04-23 17:24:00', '2021-04-23 17:28:00', '12'),
('6082b683352b1', 'CS210', 'quiz test 2', '2021-04-23 17:28:00', '2021-04-23 17:34:00', '12'),
('6082bd2616d68', 'HS201', 'title1', '2021-04-23 18:05:00', '2021-04-23 18:12:00', '13');

-- --------------------------------------------------------

--
-- Table structure for table `student_list`
--

CREATE TABLE `student_list` (
  `id` int(25) NOT NULL,
  `email` text NOT NULL,
  `student_id` text,
  `name` text,
  `courses_no` int(2) NOT NULL DEFAULT '0',
  `course_1` varchar(255) NOT NULL DEFAULT '-',
  `course_2` varchar(255) NOT NULL DEFAULT '-',
  `course_3` varchar(255) NOT NULL DEFAULT '-',
  `course_4` varchar(255) NOT NULL DEFAULT '-',
  `course_5` varchar(255) NOT NULL DEFAULT '-',
  `course_6` varchar(255) NOT NULL DEFAULT '-',
  `course_7` varchar(255) NOT NULL DEFAULT '-',
  `course_8` varchar(255) NOT NULL DEFAULT '-',
  `course_9` varchar(255) NOT NULL DEFAULT '-'
) ENGINE=InnoDB DEFAULT CHARSET=utf8mb4 COLLATE=utf8mb4_0900_ai_ci;

--
-- Dumping data for table `student_list`
--

INSERT INTO `student_list` (`id`, `email`, `student_id`, `name`, `courses_no`, `course_1`, `course_2`, `course_3`, `course_4`, `course_5`, `course_6`, `course_7`, `course_8`, `course_9`) VALUES
(5, '19bcs088@iiitdwd.ac.in', '19bcs088', 'Pranav K M', 5, 'CS210', 'CS211', 'CS204', 'CS209', 'HS201', '', '', '', ''),
(32, '19bcs012@iiitdwd.ac.in', '19bcs012', 'Anuj Sudhir Kulkarni', 6, 'HS205', 'MA201', 'CS204', 'CS209', 'CS210', 'CS211', '', '', ''),
(35, '19bcs004@iiitdwd.ac.in', '19bcs004', 'Abhishek Arya', 6, 'CS211', 'CS204', 'CS210', 'MA201', 'HS205', 'CS209', '-', '-', '-'),
(36, '19bcs078@iiitdwd.ac.in', '19bcs078', 'Niranjan Meghwal', 4, 'CS210', 'CS204', 'HS205', 'MA201', '-', '-', '-', '-', ''),
(38, '19bcs002@iiitdwd.ac.in', '19bcs002', 'Abhay Rao', 5, 'CS209', 'CS204', 'HS205', 'MA201', 'CS210', '-', '-', '-', ''),
(39, '19bcs066@iiitdwd.ac.in', '19bcs066', 'Mahesh Parihar', 4, 'CS210', 'CS209', 'CS204', 'CS211', '-', '-', '-', '-', ''),
(40, '19bcs091@iiitdwd.ac.in', '19bcs091', 'Ravi', 5, 'CS210', 'CS211', 'CS204', 'MA201', 'CS209', '-', '-', '', ''),
(41, '19bcs003@iiitdwd.ac.in', '19bcs003', 'Abhisek Rana', 6, 'CS204', 'CS209', 'CS210', 'CS211', 'HS205', 'MA201', '-', '-', '-');

-- --------------------------------------------------------

--
-- Table structure for table `student_marks`
--

CREATE TABLE `student_marks` (
  `student_id` text NOT NULL,
  `quiz_id` text NOT NULL,
  `marks_sub` int(11) NOT NULL,
  `marks_obj` int(11) NOT NULL,
  `sub_time` datetime NOT NULL
) ENGINE=InnoDB DEFAULT CHARSET=latin1;

--
-- Dumping data for table `student_marks`
--

INSERT INTO `student_marks` (`student_id`, `quiz_id`, `marks_sub`, `marks_obj`, `sub_time`) VALUES
('19bcs004', '6082813fd8a69', 10, 12, '2021-04-23 14:06:50'),
('19bcs066', '6082813fd8a69', 10, 12, '2021-04-23 14:08:43'),
('19bcs012', '6082813fd8a69', 1, 7, '2021-04-23 14:23:33'),
('19bcs003', '6082813fd8a69', 5, 2, '2021-04-23 14:29:52'),
('19bcs091', '6082813fd8a69', -1, -3, '2021-04-23 14:31:44'),
('19bcs002', '6082813fd8a69', 12, 7, '2021-04-23 14:42:29'),
('19bcs091', '60828e54b0e27', 2, 7, '2021-04-23 14:53:24'),
('19bcs004', '60828e54b0e27', -3, -19, '2021-04-23 14:55:02'),
('19bcs003', '60828e54b0e27', 7, 20, '2021-04-23 14:56:52'),
('19bcs002', '60828e54b0e27', 6, 20, '2021-04-23 15:00:11'),
('19bcs091', '608278288deeb', -2, 3, '2021-04-23 15:03:13'),
('19bcs004', '608278288deeb', -1, 0, '2021-04-23 15:06:07'),
('19bcs066', '608278288deeb', 4, 6, '2021-04-23 15:06:09'),
('19bcs078', '60828e54b0e27', 2, 11, '2021-04-23 15:12:07'),
('19bcs012', '608278288deeb', -1, 0, '2021-04-23 15:18:57'),
('19bcs003', '608278288deeb', 0, 2, '2021-04-23 15:20:43'),
('19bcs004', '608288f0eb414', 4, 8, '2021-04-23 15:52:45'),
('19bcs066', '608288f0eb414', 5, 2, '2021-04-23 15:53:50'),
('19bcs003', '608288f0eb414', 1, 8, '2021-04-23 15:54:43'),
('19bcs078', '608288f0eb414', 5, -3, '2021-04-23 15:55:14'),
('19bcs002', '608288f0eb414', 2, 2, '2021-04-23 15:56:08'),
('19bcs088', '608288f0eb414', 0, -3, '2021-04-23 15:57:35'),
('19bcs012', '6082a1baa9a4d', 5, 0, '2021-04-23 16:08:57'),
('19bcs003', '6082a1baa9a4d', 0, 0, '2021-04-23 16:12:58'),
('19bcs078', '6082a1baa9a4d', 8, 0, '2021-04-23 16:16:09'),
('19bcs088', '6082b54d4a7db', 0, -1, '2021-04-23 17:27:17'),
('19bcs002', '6082b54d4a7db', 0, 3, '2021-04-23 17:27:35'),
('19bcs078', '6082b54d4a7db', 0, -1, '2021-04-23 17:28:11'),
('19bcs091', '6082b54d4a7db', 0, -1, '2021-04-23 17:28:12'),
('19bcs091', '6082b683352b1', 3, -1, '2021-04-23 17:32:02'),
('19bcs003', '6082b683352b1', 1, 3, '2021-04-23 17:32:40'),
('19bcs078', '6082b683352b1', 0, -1, '2021-04-23 17:34:06'),
('19bcs002', '6082b683352b1', 1, 3, '2021-04-23 17:34:17');

-- --------------------------------------------------------

--
-- Table structure for table `student_response_des`
--

CREATE TABLE `student_response_des` (
  `student_id` text NOT NULL,
  `quiz_id` text NOT NULL,
  `question_id` text NOT NULL,
  `answer` text NOT NULL,
  `is_corrected` tinyint(1) NOT NULL
) ENGINE=InnoDB DEFAULT CHARSET=latin1;

--
-- Dumping data for table `student_response_des`
--

INSERT INTO `student_response_des` (`student_id`, `quiz_id`, `question_id`, `answer`, `is_corrected`) VALUES
('19bcs004', '6082813fd8a69', '608283d79fe81', 'waterfall\r\nevolutionary prototyping\r\nspiral method\r\niterative incremental method\r\nagile development', 1),
('19bcs004', '6082813fd8a69', '608283d7bb593', 'Tests cases are trials for a software in which inputs are given considering various cases and verification of a desired output is the goal.', 1),
('19bcs004', '6082813fd8a69', '608283d9ed852', 'A good software should at the least be able to achieve anything the team claimed during the initial planning phase. It should have minimum bugs and regular updates. It should consider cases whenever possible.', 1),
('19bcs066', '6082813fd8a69', '608283d9ed852', '', 1),
('19bcs066', '6082813fd8a69', '608283d7bb593', 'A good test case should have these Qualities: corresctness,usability,efficiency,structureetc.', 1),
('19bcs066', '6082813fd8a69', '608283d79fe81', 'Application and product nature\r\nnessesory and controle dispatch', 1),
('19bcs012', '6082813fd8a69', '608283d79fe81', 'Waterfall model. Spiral model.', 1),
('19bcs012', '6082813fd8a69', '608283d9ed852', '', 1),
('19bcs012', '6082813fd8a69', '608283d7bb593', '', 1),
('19bcs003', '6082813fd8a69', '608283d79fe81', 'Concurrent Model \r\nIncremental Model\r\nWINWIN Spiral Model\r\nSpiral Model', 1),
('19bcs003', '6082813fd8a69', '608283d9ed852', 'Should be fast', 1),
('19bcs003', '6082813fd8a69', '608283d7bb593', 'Windows\r\nLinux\r\nUbuntu\r\nMicrosoft', 1),
('19bcs091', '6082813fd8a69', '608283d7bb593', 'test case are input to check whether program is working or not.', 1),
('19bcs091', '6082813fd8a69', '608283d9ed852', 'nothing', 1),
('19bcs091', '6082813fd8a69', '608283d79fe81', '', 1),
('19bcs002', '6082813fd8a69', '608283d79fe81', 'waterfall model, incremental model, iterative model, spiral model, agile model.', 1),
('19bcs002', '6082813fd8a69', '608283d7bb593', 'test case is a set of conditions under which a tester determines whether a software functions properly.', 1),
('19bcs002', '6082813fd8a69', '608283d9ed852', 'security, efficiency, maintainability and dependability.', 1),
('19bcs091', '60828e54b0e27', '608291926d3a4', '3', 1),
('19bcs091', '60828e54b0e27', '6082919141928', '95', 1),
('19bcs004', '60828e54b0e27', '608291926d3a4', '3', 1),
('19bcs004', '60828e54b0e27', '6082919141928', '19bcs004', 1),
('19bcs003', '60828e54b0e27', '6082919141928', '7', 1),
('19bcs003', '60828e54b0e27', '608291926d3a4', '1', 1),
('19bcs002', '60828e54b0e27', '608291926d3a4', '1', 1),
('19bcs002', '60828e54b0e27', '6082919141928', '06', 1),
('19bcs091', '608278288deeb', '60827a552dfd8', 'a)only s1 is correct', 1),
('19bcs004', '608278288deeb', '60827a552dfd8', 'a)', 1),
('19bcs066', '608278288deeb', '60827a552dfd8', 'both s1and s2 are correct', 1),
('19bcs078', '60828e54b0e27', '6082919141928', '82', 1),
('19bcs078', '60828e54b0e27', '608291926d3a4', '3', 1),
('19bcs012', '608278288deeb', '60827a552dfd8', 'Only s1 is correct.', 1),
('19bcs003', '608278288deeb', '60827a552dfd8', '', 1),
('19bcs004', '608288f0eb414', '60828af0d2004', 'Relational', 1),
('19bcs004', '608288f0eb414', '60828b63292a8', 'Sharing of data\r\nConnectivity', 1),
('19bcs066', '608288f0eb414', '60828b63292a8', 'integrity ,sequrity ,privacy', 1),
('19bcs066', '608288f0eb414', '60828af0d2004', 'DBMS stores data as file and RDBMS stores as tables', 1),
('19bcs003', '608288f0eb414', '60828af0d2004', '', 1),
('19bcs003', '608288f0eb414', '60828b63292a8', 'Storing Data', 1),
('19bcs078', '608288f0eb414', '60828af0d2004', 'RDBMS stores data as tables whereas DBMS stores data as a file.', 1),
('19bcs078', '608288f0eb414', '60828b63292a8', 'DBMS has better data security.', 1),
('19bcs002', '608288f0eb414', '60828b63292a8', '', 1),
('19bcs002', '608288f0eb414', '60828af0d2004', 'Dbms stores data as a file whereas Rdbms stores data in the form of tables.', 1),
('19bcs088', '608288f0eb414', '60828b63292a8', 'that thing', 1),
('19bcs088', '608288f0eb414', '60828af0d2004', 'this thing', 1),
('19bcs012', '6082a1baa9a4d', '6082a2119d0c1', '', 1),
('19bcs012', '6082a1baa9a4d', '6082a21184575', '1.culture.\r\n2.conflict resolution.\r\n3.Empathy.\r\n4.perspective.\r\n5.creativity.\r\n6.stewardship.\r\n7.integrity.', 1),
('19bcs003', '6082a1baa9a4d', '6082a21184575', '', 1),
('19bcs003', '6082a1baa9a4d', '6082a2119d0c1', '', 1),
('19bcs078', '6082a1baa9a4d', '6082a21184575', 'empathy, perspective and creativity are factors of engineering ethics.', 1),
('19bcs078', '6082a1baa9a4d', '6082a2119d0c1', 'professional model is community driven whereas business model focusses on profit only.', 1),
('19bcs088', '6082b54d4a7db', '6082b5c89ba0b', 'xyz', 0),
('19bcs088', '6082b54d4a7db', '6082b5c7927d0', 'Pranav', 0),
('19bcs002', '6082b54d4a7db', '6082b5c7927d0', 'hello', 0),
('19bcs002', '6082b54d4a7db', '6082b5c89ba0b', 'Quiz 1', 0),
('19bcs078', '6082b54d4a7db', '6082b5c89ba0b', 'Quiz 2', 0),
('19bcs091', '6082b54d4a7db', '6082b5c89ba0b', 'quiz test 1', 0),
('19bcs078', '6082b54d4a7db', '6082b5c7927d0', 'Niranjan Meghwal', 0),
('19bcs091', '6082b54d4a7db', '6082b5c7927d0', 'ravi shankar sharma', 0),
('19bcs091', '6082b683352b1', '6082b6b0c4e73', 'ravi', 1),
('19bcs003', '6082b683352b1', '6082b6b0c4e73', 'abcd', 1),
('19bcs078', '6082b683352b1', '6082b6b0c4e73', 'Niranjan Meghwal', 1),
('19bcs002', '6082b683352b1', '6082b6b0c4e73', 'Abhay Rao', 1);

-- --------------------------------------------------------

--
-- Table structure for table `student_response_obj`
--

CREATE TABLE `student_response_obj` (
  `student_id` text NOT NULL,
  `quiz_id` text NOT NULL,
  `question_id` text NOT NULL,
  `option_id` text NOT NULL
) ENGINE=InnoDB DEFAULT CHARSET=latin1;

--
-- Dumping data for table `student_response_obj`
--

INSERT INTO `student_response_obj` (`student_id`, `quiz_id`, `question_id`, `option_id`) VALUES
('19bcs004', '6082813fd8a69', '608283d968035', '608283d9858d9'),
('19bcs004', '6082813fd8a69', '608283d7d4a30', '608283d84561c'),
('19bcs004', '6082813fd8a69', '608283d8df160', '608283d94eebc'),
('19bcs066', '6082813fd8a69', '608283d968035', '608283d9858d9'),
('19bcs066', '6082813fd8a69', '608283d7d4a30', '608283d84561c'),
('19bcs066', '6082813fd8a69', '608283d8df160', '608283d94eebc'),
('19bcs012', '6082813fd8a69', '608283d968035', '608283d9d43f1'),
('19bcs012', '6082813fd8a69', '608283d8df160', '608283d94eebc'),
('19bcs012', '6082813fd8a69', '608283d7d4a30', '608283d84561c'),
('19bcs003', '6082813fd8a69', '608283d7d4a30', '608283d7ec262'),
('19bcs003', '6082813fd8a69', '608283d7d4a30', '608283d811803'),
('19bcs003', '6082813fd8a69', '608283d7d4a30', '608283d82b891'),
('19bcs003', '6082813fd8a69', '608283d7d4a30', '608283d84561c'),
('19bcs003', '6082813fd8a69', '608283d968035', '608283d9b82a2'),
('19bcs003', '6082813fd8a69', '608283d8df160', '608283d94eebc'),
('19bcs091', '6082813fd8a69', '608283d968035', '608283d9a06ed'),
('19bcs091', '6082813fd8a69', '608283d8df160', '608283d934f71'),
('19bcs091', '6082813fd8a69', '608283d7d4a30', '608283d811803'),
('19bcs002', '6082813fd8a69', '608283d8df160', '608283d94eebc'),
('19bcs002', '6082813fd8a69', '608283d968035', '608283d9858d9'),
('19bcs002', '6082813fd8a69', '608283d7d4a30', '608283d7ec262'),
('19bcs002', '6082813fd8a69', '608283d7d4a30', '608283d811803'),
('19bcs091', '60828e54b0e27', '608291915a716', '60829191c018c'),
('19bcs091', '60828e54b0e27', '60829190b6f9c', '60829190d1c25'),
('19bcs091', '60828e54b0e27', '60829191d83ab', '608291925152d'),
('19bcs091', '60828e54b0e27', '608291928684e', '60829192e8891'),
('19bcs004', '60828e54b0e27', '60829191d83ab', '6082919200301'),
('19bcs004', '60828e54b0e27', '608291928684e', '608291929ee56'),
('19bcs004', '60828e54b0e27', '60829190b6f9c', '6082919129b76'),
('19bcs004', '60828e54b0e27', '608291915a716', '60829191c018c'),
('19bcs003', '60828e54b0e27', '608291928684e', '608291929ee56'),
('19bcs003', '60828e54b0e27', '60829191d83ab', '608291925152d'),
('19bcs003', '60828e54b0e27', '608291915a716', '60829191a3a22'),
('19bcs003', '60828e54b0e27', '608291915a716', '60829191c018c'),
('19bcs003', '60828e54b0e27', '60829190b6f9c', '60829190d1c25'),
('19bcs003', '60828e54b0e27', '60829190b6f9c', '60829190ea109'),
('19bcs003', '60828e54b0e27', '60829190b6f9c', '6082919110b1a'),
('19bcs002', '60828e54b0e27', '608291915a716', '60829191a3a22'),
('19bcs002', '60828e54b0e27', '608291915a716', '60829191c018c'),
('19bcs002', '60828e54b0e27', '60829190b6f9c', '60829190d1c25'),
('19bcs002', '60828e54b0e27', '60829190b6f9c', '60829190ea109'),
('19bcs002', '60828e54b0e27', '60829190b6f9c', '6082919110b1a'),
('19bcs002', '60828e54b0e27', '608291928684e', '608291929ee56'),
('19bcs002', '60828e54b0e27', '60829191d83ab', '608291925152d'),
('19bcs091', '608278288deeb', '60827a544ab8e', '60827a547d020'),
('19bcs091', '608278288deeb', '60827a5545d5c', '60827a55749b3'),
('19bcs091', '608278288deeb', '60827a54c4361', '60827a54db863'),
('19bcs091', '608278288deeb', '60827a55c8c44', '60827a560484c'),
('19bcs004', '608278288deeb', '60827a55c8c44', '60827a55e1226'),
('19bcs004', '608278288deeb', '60827a544ab8e', '60827a547d020'),
('19bcs004', '608278288deeb', '60827a54c4361', '60827a54db863'),
('19bcs004', '608278288deeb', '60827a5545d5c', '60827a55749b3'),
('19bcs066', '608278288deeb', '60827a544ab8e', '60827a5494585'),
('19bcs066', '608278288deeb', '60827a55c8c44', '60827a560484c'),
('19bcs066', '608278288deeb', '60827a54c4361', '60827a54f2aea'),
('19bcs066', '608278288deeb', '60827a5545d5c', '60827a55749b3'),
('19bcs078', '60828e54b0e27', '608291915a716', '60829191c018c'),
('19bcs078', '60828e54b0e27', '60829190b6f9c', '60829190d1c25'),
('19bcs078', '60828e54b0e27', '60829191d83ab', '608291925152d'),
('19bcs078', '60828e54b0e27', '608291928684e', '608291929ee56'),
('19bcs012', '608278288deeb', '60827a544ab8e', '60827a54664b2'),
('19bcs012', '608278288deeb', '60827a5545d5c', '60827a55749b3'),
('19bcs012', '608278288deeb', '60827a54c4361', '60827a5515fa7'),
('19bcs012', '608278288deeb', '60827a55c8c44', '60827a561cd16'),
('19bcs003', '608278288deeb', '60827a55c8c44', '60827a560484c'),
('19bcs004', '608288f0eb414', '60828af18234b', '60828af1dff26'),
('19bcs004', '608288f0eb414', '60828af2043a4', '60828af24f430'),
('19bcs066', '608288f0eb414', '60828af2043a4', '60828af24f430'),
('19bcs066', '608288f0eb414', '60828af18234b', '60828af1c7106'),
('19bcs066', '608288f0eb414', '60828af18234b', '60828af1dff26'),
('19bcs003', '608288f0eb414', '60828af18234b', '60828af1dff26'),
('19bcs003', '608288f0eb414', '60828af2043a4', '60828af24f430'),
('19bcs078', '608288f0eb414', '60828af18234b', '60828af198a50'),
('19bcs078', '608288f0eb414', '60828af2043a4', '60828af2350cf'),
('19bcs002', '608288f0eb414', '60828af2043a4', '60828af24f430'),
('19bcs002', '608288f0eb414', '60828af18234b', '60828af198a50'),
('19bcs088', '608288f0eb414', '60828af18234b', '60828af198a50'),
('19bcs088', '608288f0eb414', '60828af2043a4', '60828af21ca55'),
('19bcs088', '6082b54d4a7db', '6082b5c7bd0d9', '6082b5c7e7053'),
('19bcs002', '6082b54d4a7db', '6082b5c7bd0d9', '6082b5c848de4'),
('19bcs078', '6082b54d4a7db', '6082b5c7bd0d9', '6082b5c7e7053'),
('19bcs091', '6082b54d4a7db', '6082b5c7bd0d9', '6082b5c7e7053'),
('19bcs066', '6082b683352b1', '6082b6b102796', '6082b6b1c22a3'),
('19bcs091', '6082b683352b1', '6082b6b102796', '6082b6b1917ad'),
('19bcs003', '6082b683352b1', '6082b6b102796', '6082b6b1c22a3'),
('19bcs078', '6082b683352b1', '6082b6b102796', '6082b6b13416e'),
('19bcs002', '6082b683352b1', '6082b6b102796', '6082b6b1c22a3');

-- --------------------------------------------------------

--
-- Table structure for table `teacher_list`
--

CREATE TABLE `teacher_list` (
  `id` int(25) NOT NULL,
  `name` text,
  `email` text NOT NULL
) ENGINE=InnoDB DEFAULT CHARSET=utf8mb4 COLLATE=utf8mb4_0900_ai_ci;

--
-- Dumping data for table `teacher_list`
--

INSERT INTO `teacher_list` (`id`, `name`, `email`) VALUES
(7, 'Abhay Rao', 'nraoabhay@gmail.com'),
(9, 'Mahesh Parihar', 'maheshparihar20019@gmail.com'),
(10, NULL, 'nj11meghwal@gmail.com'),
(11, 'Ravi shankar Sharma', 'ravivandivkk@gmail.com'),
(12, 'Abhishek Arya', 'toabhishekarya@gmail.com'),
(13, 'Abhisek', 'abhisekrana007@gmail.com'),
(15, 'Anuj Sudhir Kulkarni', 'anujsudhirkulkarni@gmail.com'),
(16, 'Pranav Teacher', 'pranav.km.forreal@gmail.com');

-- --------------------------------------------------------

--
-- Table structure for table `user_sign`
--

CREATE TABLE `user_sign` (
  `id` int(25) NOT NULL,
  `email` varchar(255) NOT NULL,
  `password` varchar(255) NOT NULL,
  `role` varchar(255) NOT NULL,
  `signstatus` int(2) NOT NULL
) ENGINE=InnoDB DEFAULT CHARSET=utf8mb4 COLLATE=utf8mb4_0900_ai_ci;

--
-- Dumping data for table `user_sign`
--

INSERT INTO `user_sign` (`id`, `email`, `password`, `role`, `signstatus`) VALUES
(2, 'pranav.prakriya@gmail.com', '25f9e794323b453885f5181f1b624d0b', 'Admin', 0),
(7, '19bcs088@iiitdwd.ac.in', 'b3519272f828fc5dc43ebcf029a55401', 'Student', 1),
(11, '19bcs012@iiitdwd.ac.in', 'e10adc3949ba59abbe56e057f20f883e', 'Student', 1),
(12, '19bcs004@iiitdwd.ac.in', '2643429f0df5958d5b5dd6fa95c01a31', 'Student', 1),
(13, '19bcs078@iiitdwd.ac.in', '81dc9bdb52d04dc20036dbd8313ed055', 'Student', 1),
(14, 'nraoabhay@gmail.com', '51adfb6733c245efe399f59e45587a6d', 'Teacher', 0),
(15, 'maheshparihar20019@gmail.com', '0cbef8deac346ff17c45fe9d1f2f40fb', 'Teacher', 0),
(16, '19bcs066@iiitdwd.ac.in', '77188281a5802cb91ec86bff4891259e', 'Student', 0),
(17, '19bcs091@iiitdwd.ac.in', '202cb962ac59075b964b07152d234b70', 'Student', 0),
(18, 'nj11meghwal@gmail.com', '202cb962ac59075b964b07152d234b70', 'Teacher', 0),
(19, 'ravivandivkk@gmail.com', '202cb962ac59075b964b07152d234b70', 'Teacher', 0),
(20, 'toabhishekarya@gmail.com', '956eabadf552361478751d2ddac1d570', 'Teacher', 0),
(21, '19bcs002@iiitdwd.ac.in', '51adfb6733c245efe399f59e45587a6d', 'Student', 0),
(22, 'abhisekrana007@gmail.com', '0d6f718acbb1a1dc891ec4611f6dffe3', 'Teacher', 1),
(23, '19bcs003@iiitdwd.ac.in', 'cd73502828457d15655bbd7a63fb0bc8', 'Student', 0),
(24, 'anujsudhirkulkarni@gmail.com', '202cb962ac59075b964b07152d234b70', 'Teacher', 0),
(25, 'pranav.km.forreal@gmail.com', '58d8d475645cf36d38309edec400508d', 'Teacher', 0);

--
-- Indexes for dumped tables
--

--
-- Indexes for table `admin_list`
--
ALTER TABLE `admin_list`
  ADD PRIMARY KEY (`id`);

--
-- Indexes for table `student_list`
--
ALTER TABLE `student_list`
  ADD PRIMARY KEY (`id`);

--
-- Indexes for table `teacher_list`
--
ALTER TABLE `teacher_list`
  ADD PRIMARY KEY (`id`);

--
-- Indexes for table `user_sign`
--
ALTER TABLE `user_sign`
  ADD PRIMARY KEY (`id`);

--
-- AUTO_INCREMENT for dumped tables
--

--
-- AUTO_INCREMENT for table `admin_list`
--
ALTER TABLE `admin_list`
  MODIFY `id` int(25) NOT NULL AUTO_INCREMENT, AUTO_INCREMENT=26;

--
-- AUTO_INCREMENT for table `student_list`
--
ALTER TABLE `student_list`
  MODIFY `id` int(25) NOT NULL AUTO_INCREMENT, AUTO_INCREMENT=42;

--
-- AUTO_INCREMENT for table `teacher_list`
--
ALTER TABLE `teacher_list`
  MODIFY `id` int(25) NOT NULL AUTO_INCREMENT, AUTO_INCREMENT=17;

--
-- AUTO_INCREMENT for table `user_sign`
--
ALTER TABLE `user_sign`
  MODIFY `id` int(25) NOT NULL AUTO_INCREMENT, AUTO_INCREMENT=26;
COMMIT;

/*!40101 SET CHARACTER_SET_CLIENT=@OLD_CHARACTER_SET_CLIENT */;
/*!40101 SET CHARACTER_SET_RESULTS=@OLD_CHARACTER_SET_RESULTS */;
/*!40101 SET COLLATION_CONNECTION=@OLD_COLLATION_CONNECTION */;
